name,rating,tags
Garry's Mod,Overwhelmingly Positive,Sandbox
Garry's Mod,Overwhelmingly Positive,Multiplayer
Garry's Mod,Overwhelmingly Positive,Funny
Garry's Mod,Overwhelmingly Positive,Moddable
Garry's Mod,Overwhelmingly Positive,Building
APB Reloaded,Mixed,Free to Play
APB Reloaded,Mixed,Open World
APB Reloaded,Mixed,Action
APB Reloaded,Mixed,Character Customization
APB Reloaded,Mixed,Multiplayer
Warframe,Very Positive,Free to Play
Warframe,Very Positive,Action
Warframe,Very Positive,Co-op
Warframe,Very Positive,Multiplayer
Warframe,Very Positive,Third-Person Shooter
Gear Up,Mostly Positive,Free to Play
Gear Up,Mostly Positive,Multiplayer
Gear Up,Mostly Positive,Robots
Gear Up,Mostly Positive,Action
Gear Up,Mostly Positive,Shooter
